{"cameraMode":{"drawMode":0,"name":"Shaded","section":"Shading Mode"},"sceneLighting":true,"audioPlay":false,"sceneViewState":{"showFog":true,"showMaterialUpdate":true,"showSkybox":true,"showFlares":true,"showImageEffects":true,"showParticleSystems":true},"in2DMode":false,"pivot":{"x":1651.9185791015625,"y":379.2438049316406,"z":13.360671997070313},"rotation":{"x":-0.021289808675646783,"y":0.041076064109802249,"z":-0.0008760046330280602,"w":-0.998930037021637},"size":692.3604125976563,"orthographic":false}